[
    {
        "ID": "1",
       "Name": "Collared-Dove",
        "Type": "Dove"
    },
    {
        "ID": "2",
        "Name": "Bald Eagle",
        "Type": "Hawk"
    },
    {
        "ID": "3",
        "Name": "Cooper's Hawk",
        "Type": "Hawk"
    },
    {
        "ID": "4",
       "Name": "Indian Peacock",
        "Type": "Dove"
    },
    {
        "ID": "5",
        "Name": "Pigeon",
        "Type": "Hawk"
    },
    {
        "ID": "6",
        "Name": "Black Crow",
        "Type": "Hawk"
    },
    {
        "ID": "7",
       "Name": "Eurasian Crane",
        "Type": "Dove"
    },
    {
        "ID": "8",
        "Name": "Speaking Sparrow",
        "Type": "Hawk"
    },
    {
        "ID": "9",
        "Name": "Nine",
        "Type": "Hawk"
    },
    {
        "ID": "10",
       "Name": "Ten",
        "Type": "Dove"
    }
    ]
    